<?xml version="1.0" encoding="UTF-8"?>
<configuration>
	<property name="HOME_LOG" value="../logs/smartauto.log"/>
    <appender name="FILE-ROLLING" class="ch.qos.logback.core.rolling.RollingFileAppender">
    	<file>${HOME_LOG}</file>
        <rollingPolicy class="ch.qos.logback.core.rolling.SizeAndTimeBasedRollingPolicy">
            <fileNamePattern>logs/archived/app.%d{yyyy-MM-dd}.%i.log.gz</fileNamePattern>
            <!-- each archived file, size max 10MB -->
            <maxFileSize>10MB</maxFileSize>
            <!-- total size of all archive files, if total size > 20GB, it will delete old archived file -->
            <totalSizeCap>20GB</totalSizeCap>
            <!-- 60 days to keep -->
            <maxHistory>60</maxHistory>
        </rollingPolicy>
        <encoder>
            <pattern>logging uri: %requestURL | status code: %statusCode | bytes: %bytesSent | elapsed time: %elapsedTime | request-log: %magenta(%requestContent) | response-log: %cyan(%responseContent)</pattern>
        </encoder>
    </appender>
    <logger name="com.sma.smartauto" level="debug" additivity="false">
        <appender-ref ref="FILE-ROLLING"/>
    </logger>

    <root level="error">
        <appender-ref ref="FILE-ROLLING"/>
    </root>
</configuration>